{"PCA_expl_var": [0.5106942489969577, 0.48930575100304224], "PCA_Data": {"PC_1": {"0": 0.2640957306685244, "1": -0.05075630141755791, "2": 0.09312030632447804, "3": -0.07929856736587441, "4": 0.30957311080682115, "5": -1.8152239274094417, "6": 0.42283460983654997, "7": 1.746555751364611, "8": 0.45458325515854586, "9": -0.22636897903701117, "10": 0.09312030632447804, "11": 0.32298390536901617, "12": -0.12661386453282314, "13": -1.812869500797982, "14": -0.18744320712027748, "15": 2.254211681706119, "16": -1.970315198952056, "17": 2.173935474169236, "18": 0.09312030632447804, "19": 2.040256586589058, "20": -1.828007554970272, "21": 0.09312030632447804, "22": -1.7973113103572838, "23": 2.002099176825205, "24": -1.5850212189379542, "25": 1.8506227799578217, "26": 0.09312030632447804, "27": -0.08683860382758934, "28": 0.3034899035794111, "29": -1.696043479852627, "30": 0.667754401798435, "31": 1.7191980852382067, "32": 0.27063494495686674, "33": -0.13670962473490203, "34": 0.09312030632447804, "35": -0.5736623277187648, "36": 0.7819910335592186, "37": 0.09312030632447804, "38": -2.175130211550929, "39": 2.368340442902518, "40": 0.4674589669142778, "41": -0.2606799705192461, "42": 0.09312030632447804, "43": -2.4766267999157137, "44": 2.5602419381950803, "45": -1.8326690331247417, "46": -0.24216702799882728, "47": 2.2860724946687268, "48": 0.09312030632447804, "49": 0.09312030632447804, "50": 0.09312030632447804, "51": 2.07786528844629, "52": -1.9076682046806248, "53": 0.09312030632447804, "54": -2.425540060230803, "55": 2.6935539023087567, "56": -1.9256742798904303, "57": 2.1786883567235766, "58": 0.09312030632447804, "59": -2.3759552675268027, "60": -2.310833222886717, "61": -2.1770798940092697, "62": 1.3004137029884757, "63": 1.7813157103266042, "64": 0.26960689996312937, "65": -0.01621901180901392, "66": 0.09312030632447804, "67": 0.02385147735750822, "68": 0.13813447063718085, "69": -2.313573470035294, "70": -1.971671960275189, "71": 2.163166829342324, "72": 0.425126242734494, "73": -0.19988321574184337, "74": 0.09312030632447804, "75": -2.354962863282777, "76": 2.5167858154841873, "77": -1.5960865236251198, "78": -0.4196306957875861, "79": 2.2495737763278716, "80": 0.09312030632447804, "81": 0.09312030632447804, "82": 0.09312030632447804, "83": -1.8066468808219125}, "PC_2": {"0": 1.6431054049551868, "1": 1.6576824750354051, "2": -2.182393215727734, "3": 1.243673189622293, "4": 1.210419901605574, "5": -0.27404898199378686, "6": 1.4329077715911633, "7": -0.5289577706876248, "8": 1.0337383474943984, "9": 0.9821487376535741, "10": -2.182393215727734, "11": 2.127006898197807, "12": 2.13702889796605, "13": -0.2764034086052466, "14": 1.8614842371571467, "15": -0.021301840346124062, "16": -0.1189577104511704, "17": -0.10157804788300569, "18": -2.182393215727734, "19": -0.23525693546318185, "20": -0.2612653544329565, "21": -2.182393215727734, "22": -0.291961599045945, "23": -0.27341434522703456, "24": -0.5042516904652777, "25": -0.4248907420944154, "26": -2.182393215727734, "27": 1.5642452587834585, "28": 1.6114463294485841, "29": -0.3932294295506036, "30": 0.9394826447693706, "31": -0.5563154368140291, "32": 2.7182459207830165, "33": 2.753288192346572, "34": -2.182393215727734, "35": 1.5634993991179058, "36": 1.5358077688588896, "37": -2.182393215727734, "38": 0.08585730214770564, "39": 0.09282692085027329, "40": 0.952975355330064, "41": 0.9150148635499299, "42": -2.182393215727734, "43": 0.3873538905124946, "44": 0.2847284161428322, "45": -0.25660387627848663, "46": 1.878586966692011, "47": 0.010558972616482766, "48": -2.182393215727734, "49": -2.182393215727734, "50": -2.182393215727734, "51": -0.1976482336059507, "52": -0.1816047047226025, "53": -2.182393215727734, "54": 0.3362671508275829, "55": 0.41804038025650675, "56": -0.16359862951279674, "57": -0.09682516532866568, "58": -2.182393215727734, "59": 0.2866823581235824, "60": 0.22156031348349564, "61": 0.08780698460604607, "62": 1.2199930796277105, "63": -0.4941978117256322, "64": 2.484704077148388, "65": 2.467919460318346, "66": -2.182393215727734, "67": 0.9891915525106932, "68": 0.8926936420175356, "69": 0.22430056063207288, "70": -0.11760094912803733, "71": -0.1123466927099183, "72": 0.8424670412003589, "73": 0.7927189421717803, "74": -2.182393215727734, "75": 0.26568995387955635, "76": 0.24127229343193987, "77": -0.49318638577811197, "78": 1.5726675457917214, "79": -0.025939745724371886, "80": -2.182393215727734, "81": -2.182393215727734, "82": -2.182393215727734, "83": -0.2826260285813163}}}