{"tSNE_Data": {"C1": {"0": 10.256623268127441, "1": 20.670686721801758, "2": -4.448919773101807, "3": -21.439485549926758, "4": -26.68161964416504, "5": 7.021433353424072, "6": 29.760408401489258, "7": 1.7699803113937378, "8": -19.973852157592773, "9": 14.201904296875, "10": -4.448919773101807, "11": -17.84855842590332, "12": 27.946548461914062, "13": 3.5481746196746826, "14": -33.864864349365234, "15": 10.5481595993042, "16": -11.091808319091797, "17": -9.209542274475098, "18": -4.448919773101807, "19": 8.692072868347168, "20": -27.541336059570312, "21": -4.448919773101807, "22": -20.813846588134766, "23": -26.44137191772461, "24": 2.099213123321533, "25": 2.122678518295288, "26": -4.448919773101807, "27": -6.295203685760498, "28": 23.259929656982422, "29": -17.38726234436035, "30": 21.79608917236328, "31": -8.744728088378906, "32": 13.63616943359375, "33": 28.601747512817383, "34": -4.448919773101807, "35": 16.492673873901367, "36": 14.928910255432129, "37": -4.448919773101807, "38": -5.4297966957092285, "39": 17.256793975830078, "40": -17.005565643310547, "41": 6.9167070388793945, "42": -4.448919773101807, "43": -13.197369575500488, "44": 10.49887752532959, "45": -16.3856143951416, "46": 7.328078746795654, "47": -6.534420967102051, "48": -4.448919773101807, "49": -4.448919773101807, "50": -4.448919773101807, "51": -35.921905517578125, "52": -25.647361755371094, "53": -4.448919773101807, "54": -21.863636016845703, "55": -1.6592262983322144, "56": 46.39261245727539, "57": 22.9328670501709, "58": -4.448919773101807, "59": -12.582728385925293, "60": 38.865440368652344, "61": -17.044342041015625, "62": -18.758102416992188, "63": -64.41049194335938, "64": 30.56435775756836, "65": 25.5690975189209, "66": -4.448919773101807, "67": -26.635334014892578, "68": -15.493186950683594, "69": -34.681800842285156, "70": -1.9797383546829224, "71": 17.651538848876953, "72": -24.820327758789062, "73": -29.26296615600586, "74": -4.448919773101807, "75": -3.014080047607422, "76": 34.647987365722656, "77": -35.78268814086914, "78": 19.255922317504883, "79": -89.96460723876953, "80": -4.448919773101807, "81": -4.448919773101807, "82": -4.448919773101807, "83": 3.2041921615600586}, "C2": {"0": -24.566604614257812, "1": 10.89339542388916, "2": 7.869235515594482, "3": -41.793704986572266, "4": -31.927268981933594, "5": -11.406259536743164, "6": 14.39809799194336, "7": -17.20616340637207, "8": -26.955751419067383, "9": -33.28973388671875, "10": 7.869235515594482, "11": -2.2242326736450195, "12": 4.891668796539307, "13": -49.44783401489258, "14": -21.836719512939453, "15": 10.44874382019043, "16": 23.025096893310547, "17": -11.765862464904785, "18": 7.869235515594482, "19": 2.783975124359131, "20": 5.713253498077393, "21": 7.869235515594482, "22": 175.3041229248047, "23": -11.984611511230469, "24": -3.2104310989379883, "25": -25.13908576965332, "26": 7.869235515594482, "27": -19.05614471435547, "28": 21.44189453125, "29": -9.513761520385742, "30": -14.135886192321777, "31": -4.130173683166504, "32": -16.54598617553711, "33": -23.63249397277832, "34": 7.869235515594482, "35": 28.368494033813477, "36": 17.976686477661133, "37": 7.869235515594482, "38": -27.73335075378418, "39": 2.449695348739624, "40": 53.07599639892578, "41": 20.972061157226562, "42": 7.869235515594482, "43": 32.03984832763672, "44": -4.513791561126709, "45": -17.017168045043945, "46": 31.13313865661621, "47": -36.37444305419922, "48": 7.869235515594482, "49": 7.869235515594482, "50": 7.869235515594482, "51": -10.856393814086914, "52": 15.49631118774414, "53": 7.869235515594482, "54": 25.32683753967285, "55": -9.915164947509766, "56": -8.311894416809082, "57": 66.39571380615234, "58": 7.869235515594482, "59": -24.115880966186523, "60": 3.334703207015991, "61": 16.39655113220215, "62": 5.922975063323975, "63": 9.497198104858398, "64": -14.167375564575195, "65": -3.580158233642578, "66": 7.869235515594482, "67": -3.6446619033813477, "68": -34.44765090942383, "69": 12.66925048828125, "70": 22.192277908325195, "71": -6.60074520111084, "72": -20.169326782226562, "73": 58.5267219543457, "74": 7.869235515594482, "75": 30.96086311340332, "76": -5.745031356811523, "77": 0.5560171008110046, "78": -24.271020889282227, "79": 193.54063415527344, "80": 7.869235515594482, "81": 7.869235515594482, "82": 7.869235515594482, "83": -35.49562072753906}, "C3": {"0": 1.2022008771763594e-31, "1": 7.398840271335493e-31, "2": -3.0563165802876794e-31, "3": -1.88021012016956e-32, "4": -7.30723141048834e-33, "5": 3.4475307392950134e-31, "6": 8.221248063229749e-33, "7": -4.286293918776229e-31, "8": 9.092537700370675e-33, "9": 3.6736643491446195e-32, "10": -3.0563165802876794e-31, "11": 2.1475531353929628e-30, "12": -1.2481490705590413e-31, "13": -1.7320617222488624e-33, "14": 1.1953930824588087e-33, "15": -2.579874143769456e-31, "16": 4.209353875608835e-32, "17": 1.595776134136755e-31, "18": -3.0563165802876794e-31, "19": -1.0950850270962736e-32, "20": -4.823399504510163e-32, "21": -3.0563165802876794e-31, "22": -3.4759393667753966e-33, "23": -2.7432342393953205e-31, "24": -7.366941116236098e-31, "25": -3.465439630828661e-31, "26": -3.0563165802876794e-31, "27": 5.285363494658743e-31, "28": 3.053054113266407e-31, "29": -5.929493491705948e-31, "30": 2.3761706118256304e-31, "31": -8.921288362571343e-31, "32": 1.2382154379979825e-30, "33": 2.9609623593399367e-31, "34": -3.0563165802876794e-31, "35": -2.2083430499194658e-32, "36": 2.698177305829432e-31, "37": -3.0563165802876794e-31, "38": -1.0735036414181075e-31, "39": -1.5524363627185478e-31, "40": 8.909293559440835e-33, "41": 1.5210219814894327e-31, "42": -3.0563165802876794e-31, "43": 1.25752576491694e-33, "44": 7.443882863870301e-31, "45": -8.27069302904518e-32, "46": 2.5096087338501837e-31, "47": 2.2115230927462263e-33, "48": -3.0563165802876794e-31, "49": -3.0563165802876794e-31, "50": -3.0563165802876794e-31, "51": -2.7821535643072606e-32, "52": -9.109186079924577e-32, "53": -3.0563165802876794e-31, "54": 5.832398010976332e-32, "55": 8.574194033033422e-31, "56": -9.153332064143296e-34, "57": 1.8158318577922742e-33, "58": -3.0563165802876794e-31, "59": -6.991249125032502e-32, "60": -3.952839085289769e-31, "61": 2.584042799385777e-32, "62": 4.820922385264675e-31, "63": 1.2529165528442075e-35, "64": 6.0924104259615525e-31, "65": 2.2522509377574255e-30, "66": -3.0563165802876794e-31, "67": 4.177502386805367e-31, "68": 2.472353791389573e-32, "69": -4.945355867913624e-32, "70": 4.323160713002198e-31, "71": -1.4924496634819616e-30, "72": 9.769508570429077e-33, "73": 9.13319584591371e-33, "74": -3.0563165802876794e-31, "75": -1.529100683964894e-31, "76": -3.73163267756107e-31, "77": -4.494259558137266e-31, "78": 2.5621686127585006e-31, "79": 2.617955407330817e-33, "80": -3.0563165802876794e-31, "81": -3.0563165802876794e-31, "82": -3.0563165802876794e-31, "83": -2.2016607171833464e-31}}}