{"tSNE_Data": {"C1": {"0": 10.256623268127441, "1": 20.670686721801758, "2": -4.448919773101807, "3": -21.439485549926758, "4": -26.68161964416504, "5": 7.021433353424072, "6": 29.760408401489258, "7": 1.7699803113937378, "8": -19.973852157592773, "9": 14.201904296875, "10": -4.448919773101807, "11": -17.84855842590332, "12": 27.946548461914062, "13": 3.5481746196746826, "14": -33.864864349365234, "15": 10.5481595993042, "16": -11.091808319091797, "17": -9.209542274475098, "18": -4.448919773101807, "19": 8.692072868347168, "20": -27.541336059570312, "21": -4.448919773101807, "22": -20.813846588134766, "23": -26.44137191772461, "24": 2.099213123321533, "25": 2.122678518295288, "26": -4.448919773101807, "27": -6.295203685760498, "28": 23.259929656982422, "29": -17.38726234436035, "30": 21.79608917236328, "31": -8.744728088378906, "32": 13.63616943359375, "33": 28.601747512817383, "34": -4.448919773101807, "35": 16.492673873901367, "36": 14.928910255432129, "37": -4.448919773101807, "38": -5.4297966957092285, "39": 17.256793975830078, "40": -17.005565643310547, "41": 6.9167070388793945, "42": -4.448919773101807, "43": -13.197369575500488, "44": 10.49887752532959, "45": -16.3856143951416, "46": 7.328078746795654, "47": -6.534420967102051, "48": -4.448919773101807, "49": -4.448919773101807, "50": -4.448919773101807, "51": -35.921905517578125, "52": -25.647361755371094, "53": -4.448919773101807, "54": -21.863636016845703, "55": -1.6592262983322144, "56": 46.39261245727539, "57": 22.9328670501709, "58": -4.448919773101807, "59": -12.582728385925293, "60": 38.865440368652344, "61": -17.044342041015625, "62": -18.758102416992188, "63": -64.41049194335938, "64": 30.56435775756836, "65": 25.5690975189209, "66": -4.448919773101807, "67": -26.635334014892578, "68": -15.493186950683594, "69": -34.681800842285156, "70": -1.9797383546829224, "71": 17.651538848876953, "72": -24.820327758789062, "73": -29.26296615600586, "74": -4.448919773101807, "75": -3.014080047607422, "76": 34.647987365722656, "77": -35.78268814086914, "78": 19.255922317504883, "79": -89.96460723876953, "80": -4.448919773101807, "81": -4.448919773101807, "82": -4.448919773101807, "83": 3.2041921615600586}, "C2": {"0": -24.566604614257812, "1": 10.89339542388916, "2": 7.869235515594482, "3": -41.793704986572266, "4": -31.927268981933594, "5": -11.406259536743164, "6": 14.39809799194336, "7": -17.20616340637207, "8": -26.955751419067383, "9": -33.28973388671875, "10": 7.869235515594482, "11": -2.2242326736450195, "12": 4.891668796539307, "13": -49.44783401489258, "14": -21.836719512939453, "15": 10.44874382019043, "16": 23.025096893310547, "17": -11.765862464904785, "18": 7.869235515594482, "19": 2.783975124359131, "20": 5.713253498077393, "21": 7.869235515594482, "22": 175.3041229248047, "23": -11.984611511230469, "24": -3.2104310989379883, "25": -25.13908576965332, "26": 7.869235515594482, "27": -19.05614471435547, "28": 21.44189453125, "29": -9.513761520385742, "30": -14.135886192321777, "31": -4.130173683166504, "32": -16.54598617553711, "33": -23.63249397277832, "34": 7.869235515594482, "35": 28.368494033813477, "36": 17.976686477661133, "37": 7.869235515594482, "38": -27.73335075378418, "39": 2.449695348739624, "40": 53.07599639892578, "41": 20.972061157226562, "42": 7.869235515594482, "43": 32.03984832763672, "44": -4.513791561126709, "45": -17.017168045043945, "46": 31.13313865661621, "47": -36.37444305419922, "48": 7.869235515594482, "49": 7.869235515594482, "50": 7.869235515594482, "51": -10.856393814086914, "52": 15.49631118774414, "53": 7.869235515594482, "54": 25.32683753967285, "55": -9.915164947509766, "56": -8.311894416809082, "57": 66.39571380615234, "58": 7.869235515594482, "59": -24.115880966186523, "60": 3.334703207015991, "61": 16.39655113220215, "62": 5.922975063323975, "63": 9.497198104858398, "64": -14.167375564575195, "65": -3.580158233642578, "66": 7.869235515594482, "67": -3.6446619033813477, "68": -34.44765090942383, "69": 12.66925048828125, "70": 22.192277908325195, "71": -6.60074520111084, "72": -20.169326782226562, "73": 58.5267219543457, "74": 7.869235515594482, "75": 30.96086311340332, "76": -5.745031356811523, "77": 0.5560171008110046, "78": -24.271020889282227, "79": 193.54063415527344, "80": 7.869235515594482, "81": 7.869235515594482, "82": 7.869235515594482, "83": -35.49562072753906}, "C3": {"0": 2.286030413620395e-31, "1": 1.4025814276497326e-30, "2": -5.805731333880753e-31, "3": -2.118866770923575e-32, "4": -1.5976926895136945e-32, "5": 5.937582303432826e-31, "6": 1.5020043636840894e-32, "7": -8.051194967256531e-31, "8": 1.675800762642783e-32, "9": 6.707454813638056e-32, "10": -5.805731333880753e-31, "11": 4.088107546058101e-30, "12": -2.3692502414834694e-31, "13": -4.354155604378543e-33, "14": 1.4857570848432068e-33, "15": -4.860107254350466e-31, "16": 7.821033526013832e-32, "17": 3.2413252851748976e-31, "18": -5.805731333880753e-31, "19": -1.2749956864523724e-32, "20": -9.309676045412125e-32, "21": -5.805731333880753e-31, "22": -9.548105678819637e-33, "23": -5.1023202163261e-31, "24": -1.4140408048583847e-30, "25": -6.5036510120261055e-31, "26": -5.805731333880753e-31, "27": 1.0047544546421867e-30, "28": 5.807595197723417e-31, "29": -1.1590551093458119e-30, "30": 4.50358498992121e-31, "31": -1.6948330212302658e-30, "32": 2.3610588326096513e-30, "33": 5.624477628147802e-31, "34": -5.805731333880753e-31, "35": -4.487983358699356e-32, "36": 5.1496385659241e-31, "37": -5.805731333880753e-31, "38": -2.102320159793095e-31, "39": -2.8566355900123676e-31, "40": 1.6416367825776595e-32, "41": 2.8999661925746384e-31, "42": -5.805731333880753e-31, "43": 1.3086185350399346e-33, "44": 1.4440113969060459e-30, "45": -1.6497187470499443e-31, "46": 4.79002287056122e-31, "47": -2.147322366750113e-33, "48": -5.805731333880753e-31, "49": -5.805731333880753e-31, "50": -5.805731333880753e-31, "51": -4.519794292947721e-32, "52": -1.7787620483450783e-31, "53": -5.805731333880753e-31, "54": 1.0595036212492491e-31, "55": 1.6678442351726745e-30, "56": -2.7163705494465437e-33, "57": 3.2644804226899445e-33, "58": -5.805731333880753e-31, "59": -1.470736919248827e-31, "60": -7.623779108726923e-31, "61": 4.641564340496577e-32, "62": 9.281726903979799e-31, "63": -1.3430402927509988e-34, "64": 1.156227810333214e-30, "65": 4.275007762415114e-30, "66": -5.805731333880753e-31, "67": 7.959549666084503e-31, "68": 4.327247436662267e-32, "69": -9.779318952407452e-32, "70": 8.032900513575814e-31, "71": -2.832083932882449e-30, "72": 1.810960866341856e-32, "73": 1.6769997668806218e-32, "74": -5.805731333880753e-31, "75": -2.916890019842297e-31, "76": -7.04889842428214e-31, "77": -8.681116999184217e-31, "78": 4.829061978347509e-31, "79": 5.0077679323181675e-33, "80": -5.805731333880753e-31, "81": -5.805731333880753e-31, "82": -5.805731333880753e-31, "83": -4.321750119781212e-31}}}